leadSNP,rsid,EA,NEA,EAF,Beta,SE,P,N,,,
chr1:147121000,rs79489938,G,A,0.986,0.113,0.021,4.79E-08,1041220,,,
chr3:3649850,rs9842137,C,T,0.997,-0.425,0.074,9.26E-09,1023280,,,
chr3:36870230,rs11129735,G,A,0.538,-0.026,0.005,1.53E-08,1042540,,,
chr3:89986280,rs11716527,C,T,0.095,0.049,0.009,6.69E-09,1039830,,,
chr3:128579324,rs181752889,C,T,0.996,-0.282,0.047,1.87E-09,1023280,,,
chr4:91243865,rs7656001,G,A,0.450,-0.026,0.005,1.23E-08,1042540,,,
chr6:41012405,rs4714422,G,A,0.239,0.029,0.005,4.81E-08,1042540,,,
chr7:1872921,rs4721089,C,T,0.243,-0.034,0.006,7.92E-10,1042540,,,
chr7:2760750,rs798549,C,A,0.282,0.030,0.005,1.46E-08,1042540,,,
chr8:4186731,rs117173251,C,T,0.967,-0.077,0.014,2.48E-08,1039830,,,
chr9:126586563,rs1752169,C,A,0.731,-0.032,0.005,1.64E-09,1042540,,,
chr10:73835274,rs12773019,G,C,0.028,0.089,0.016,4.82E-08,1039830,,,
chr11:74625997,rs480840,C,T,0.423,0.025,0.005,4.46E-08,1042540,,,
chr13:28245127,rs9319382,C,T,0.679,0.028,0.005,2.87E-08,1042540,,,
chr15:36392562,rs11073147,G,A,0.540,0.025,0.005,4.26E-08,1042540,,,
chr15:60938816,rs8033609,C,A,0.455,-0.027,0.005,1.11E-08,1042540,,,
chr15:67260238,rs1874832,G,A,0.168,0.038,0.007,3.22E-09,1042540,,,
chr17:75386909,rs1656794,G,A,0.716,0.031,0.005,3.58E-09,1042540,,,
chr17:77895311,rs9912236,C,T,0.750,0.031,0.006,1.56E-08,1039830,,,
chr18:13271367,rs11662800,G,A,0.582,-0.028,0.005,2.42E-09,1042540,,,
chr21:47767295,rs75756987,G,C,0.888,0.044,0.007,1.61E-09,1042540,,,
